1,1,1,Sol Manga Corta,aa21e4caa937ef5305ba,200,30,H,S,2019-10-27
2,1,1,Chaqueta Enemigo,33ea34f9b7c14979af39,400,30,M,M,2019-10-27
3,2,1,Camiseta Alphaskin,26ddf156a6d542e87834,200,30,M,S,2019-10-27
4,3,1,Sudadera LIVE,0dcfc3596dc428866926,400,30,H,L,2019-10-27
5,1,2,Jeans Liberator,b6f9a69b567e2e162af7,400,60,M,24,2019-10-27
6,4,2,Jeans 40-153B,f4f3ca6678b420d08b8b,400,60,H,28,2019-10-27
7,5,2,Pantalon Simone,6a967fea25dc8ae56230,400,60,M,27,2019-10-27
8,5,2,Chino Clasico,a46b166218588f35733f,400,60,H,34,2019-10-27
9,1,3,Bikini Seamless,37d51fdf8cfb8ee5b988,100,15,M,XS,2019-10-27
10,6,3,Lenceria Teddy,6e69f82ae159033b6793,100,15,M,M,2019-10-27
11,7,3,Boxer 3-Pack,eaabbc80ad66ed956ea5,300,15,H,M,2019-10-27
12,7,3,Calzoncillos 2-Pack,bb518e67561f1ced58c5,200,15,H,L,2019-10-27
13,1,4,Sandalias Rocker 2,407fda35c9ecf0755a84,200,15,H,10,2019-10-27
14,2,4,Tacos Natural Seco,8f4548e2dcd4c97d23f5,200,15,H,10,2019-10-27
15,8,4,Botas Whitley,4d59639abdad24f5c0f4,200,15,M,7,2019-10-27
16,8,4,Tenis Bayshore,d49680b65067d31a62f4,200,15,M,6,2019-10-27
17,9,5,Collar Cadena,02e31118a02a8a2f084e,50,60,M,40,2019-10-27
18,10,5,Anillo GALA,28fbf77dc77471be2d1e,50,60,M,S,2019-10-27
19,11,5,Pulsera Glitz,885e335335c5bdd7545f,50,60,M,22,2019-10-27
20,11,5,Pendientes Fossil,23662d95e451333cf3dd,50,60,M,10,2019-10-27
21,1,6,Faja Web,1df79f79a7915a2732fa,50,15,H,4,2019-10-27
22,2,6,Calcetas Piqui,3ac892c9d0dc8f234eae,50,15,U,10,2019-10-27
23,12,6,Seiko Prospex,0a96b50e993955d31b3c,100,365,H,23,2019-10-27
24,12,6,Seiko Astron,f7d133ab46eb44e65ead,100,365,H,23,2019-10-27
25,13,7,Darkness - Summers,ad5905b42e02e1e7ed52,800,120,U,32,2019-10-27
26,13,7,Splatter Bold,58c29465139b2f1dc70d,800,120,U,32,2019-10-27
27,14,7,Team OG Duffy,3c13586f6c9e8a1fb3ee,800,120,U,31,2019-10-27
28,15,7,Calavera Nyjah,2ec10cc7e1638228b618,800,120,U,32,2019-10-27
29,1,8,Gorra Rose Wood,bc9dcd53ce00a3647cf5,50,30,M,M,2019-10-27
30,1,8,Gorra 9Forty,b1f02a8be58bf0f81826,50,30,H,M,2019-10-27
31,16,8,Gorra Flexfit,211ffcf904020949e7a0,50,30,H,XL,2019-10-27
32,16,8,Gorro Indio,119be0f230d71daa1b01,50,30,M,OS,2019-10-27
33,17,9,Lapicero,30ad90125ec59da58ad4,6,1,U,M,2019-10-27
34,18,9,Salveque GG,602b33052334debc796b,600,90,U,L,2019-10-27
35,18,9,Bolso Zumi,3e19fc29bbb056d45a67,500,90,M,S,2019-10-27
36,19,9,The One,95a6a2b034db9da7b741,400,60,H,-,2019-10-27
