1,4,ef65b3ec324da90c51ee,George,Newton,Mitchell,1972-05-29,2179097195
2,5,02f8be46484d18eed4c3,Tate,Arnold,Schultz,1995-01-13,3874043985
3,6,17b3f9507d7f43c774cb,Gannon,Williams,Donaldson,2000-11-27,2072233660
4,7,9942499bcfc0600474c4,Duncan,Mcgowan,Joyner,1953-10-01,9923870703
5,8,d48c437f4ccb6cfb8e19,Dalton,Alvarado,Kennedy,1991-03-17,7684795998
6,9,e1423dfb608d5248d728,Arsenio,Meyers,Cobb,1949-02-13,7688895183
7,10,adbc3c465e4a6286992c,Igor,Cain,Perez,1952-12-13,6410505806
8,11,583910ecc57523cb2b9d,Tobias,Poole,Moss,1997-08-25,6410135866
9,12,388c13528cbebc871c7f,Vincent,Kemp,Rios,1970-07-26,2672653987
10,13,40c7badd0fefa8637a20,Keane,Herman,Trujillo,1949-06-03,5024829172
11,14,1893d70cc7a8771ab34e,Laith,Austin,Robbins,1977-12-14,3633102463
12,15,224c6ac5f869a97ca042,Odysseus,Sullivan,Campbell,1973-04-07,138148440
13,16,e97234745105e1d2bd18,Austin,Waller,Pruitt,1957-08-24,483277283
14,17,588b58094145cfe9f611,Xavier,Lane,Holmes,1989-08-20,9465548941
15,18,7b826aaad62e0e8c6292,Brody,Cross,Olson,1993-08-02,766452572
16,19,ac116f9ed7d5540311ab,Davis,Robbins,Benton,1961-06-05,8797737562
17,20,a4e354661de8b280e2ba,Tucker,Barry,Carter,1951-01-15,7920043724
18,21,b4e989b63bcb6cdc8230,Peter,Lindsey,Dunn,1980-07-05,778849813
19,22,9751b86a5e3872e59e84,Jermaine,Durham,Rich,1950-10-05,5452518585
20,23,cf92a99a09f1d6e4bdf4,Daquan,Hamilton,Mays,1977-04-02,1877436338
21,24,08149462cadc13917528,Murphy,Campbell,Henderson,1963-12-14,8893729837
22,25,3dacde8ed643ca8afca2,Andrew,Meadows,Evans,2001-11-02,7469593292
23,26,6d3ca5447b972a1f723e,Graham,Mcleod,Oneill,1962-04-03,6833077729
24,27,3b1ae2b0170a63d25de4,Reece,Carlson,Lott,1982-05-03,8916104603
25,28,b8ce916a915d39148fd4,Alvin,Dyer,Hill,1969-12-03,1948506649
26,29,e4163843aabc09920830,Barclay,Dickson,Craig,1985-06-23,8398507803
27,30,5d43bf4a13cbf3e16520,Rahim,Wilson,Cabrera,1993-08-11,5502406954
28,31,62512ff20f16f3b4bfb1,Wallace,Gillespie,Benton,1981-07-20,5834868493
29,32,2952a68dc0573fb13c45,Roth,Howe,Buckley,1994-02-16,5171050001
30,33,bac52d1ffee42ec333f2,Louis,Velazquez,Vinson,1957-05-17,2131435668
31,34,acf47d9ea4cdab587f4c,Nero,Barnes,Spencer,1988-11-13,5300843395
32,35,64194cbba73cd33205fa,Blake,Pope,Farley,1971-02-22,3740449345
33,36,e3e0a77a1626d981d4d0,Hop,Salinas,Lee,1996-07-02,1486677940
34,37,79181efbadad43e06e5d,George,Everett,French,1998-04-27,416666215
35,38,93fc545ceb7eba414854,Mason,Horn,Maddox,1999-02-14,6177350295
36,39,e346ca062d5951e18069,Christopher,Malone,Potts,1955-12-11,7062812156
37,40,8e4c1e97162b6c478fad,Rudyard,William,Santos,2001-12-18,2044924714
38,41,8c33f99e5053b3e112cf,Jerry,Eaton,Griffin,1994-04-23,6290127214
39,42,1dd7398c8189f71a8ca9,Judah,Cantrell,Lawrence,1954-09-28,3557618297
40,43,5bc61e2a1c80c1d562e9,Vaughan,Munoz,Robbins,1960-01-21,1982647188
41,44,e06b65284a3b9ce3d5d7,Brennan,Bolton,Patel,1986-10-04,980064922
42,45,536f86cce6358150ddcc,Xanthus,Faulkner,Sykes,1962-01-07,216755933
43,46,37fb67221acb416af7a5,Emerson,Maynard,Clark,1980-04-06,2394102678
44,47,6c53f124160edd175302,Abel,Lynn,Fleming,1977-09-07,2912170099
45,48,2e598b71a3cae84e8696,Amery,Gomez,Riggs,1956-10-26,4541976555
46,49,9d1582b04431c5f11429,Chaim,Macdonald,Santos,1974-06-09,8539593880
47,50,e2279f5ef1a0f332b0a1,Knox,Pope,Kirkland,1966-08-18,838756373
48,51,12f4b50d0f50f7a00622,Kibo,Boone,Morrison,1973-06-06,613549539
49,52,add3179b1a80346f3235,Brenden,Bowers,Mendoza,1958-11-18,6600265946
50,53,49457d2f6413b9e96aa6,Dante,Carver,Hopper,1949-03-04,8412103486
51,54,93515cc95f36d3e44d06,Holmes,Harper,Frank,1966-03-03,4917531498
52,55,de0344ab02faa4ee4663,Reed,Moss,Talley,1950-10-16,9458877850
53,56,51b2de3d95bff4479a56,Cody,Mcintyre,Powers,1997-03-11,5265253214
54,57,936f63f91fb50dc6a2c2,Len,Potts,Hays,1983-12-26,1740437805
55,58,066c9069ad5ea31cf4ea,Gabriel,Bond,Calhoun,1967-06-29,2396704937
56,59,72cd4330a38c51ee5d2f,Wang,Holcomb,Mooney,1983-08-18,3767750393
57,60,f1a8b433eada29e5afb1,Perry,Santiago,Boyle,1971-10-04,893312478
58,61,d34c9b19551aecacdfe0,Callum,Vance,Reynolds,1965-07-11,1758305767
59,62,71e36096cdd282d8a055,Scott,Estes,Gallegos,1973-01-28,2281793645
60,63,b4940bd701472d7a68e2,Brody,Eaton,Macias,2000-02-12,7750342211
61,64,98dca6c35316f1c7c9dd,Cody,Leonard,Duffy,1952-04-20,3823758824
62,65,567cd29eda4f4d88be46,Moses,Wood,Guerra,1996-08-04,8591397363
63,66,aa72de766678ed469b29,Colorado,Tate,Merritt,1994-05-03,7421505632
64,67,2007ce03461dd87166b7,Tyler,Crawford,Hyde,1957-07-08,8366473436
65,68,ce42ad55ab1e96c372d8,Baxter,Vega,Fisher,1970-04-07,596432110
66,69,435032fc62996ab1fd1f,Dylan,Hart,Little,1994-11-25,4555509688
67,70,ae325d7420eb173e007b,Kuame,Boyle,Pierce,1974-02-15,6721171033
68,71,25ea070a81cf5a92f7ec,Oliver,Kidd,Bonner,1961-11-12,44669728
69,72,4cbb79a096e1a84899bd,Philip,Obrien,Barton,1957-03-08,1818697355
70,73,610ef6bdcd483508dcc8,Hunter,Rose,Branch,1951-11-12,4705720496
71,74,1a299d6a90990afb82af,Lucian,Richmond,Harrell,1975-06-24,690177348
72,75,923712ab23ab683e5761,Abel,Stevenson,Velazquez,1960-09-27,5488060370
73,76,b4a49de4a773d6c393ed,Cullen,Montoya,Carlson,1988-05-12,1787054111
74,77,42fa0947dafa30a0a770,Henry,Mccarty,Gomez,1990-12-10,3487720863
75,78,4624370696e3fa5abbbc,Oscar,Guthrie,George,1987-09-08,5512324141
76,79,1a2dd7882ebd11be08f0,Madonna,Odonnell,Christensen,1967-06-18,9706287860
77,80,0fabc91bce51a8aae1eb,Taylor,Dominguez,Branch,1987-06-05,2974604374
78,81,3da25fe32b573092eb68,Quyn,Bruce,Mcgee,1960-02-05,5746512362
79,82,c4c8a944fda98eafe8f7,Paloma,Brady,Duffy,1961-07-01,2763206473
80,83,8f8e5519524680ec2d4c,Xerxes,Bishop,Benjamin,1985-01-19,3030968166
81,84,e0bc814016142e842029,Margaret,Robles,Reeves,1965-01-05,3302617445
82,85,17175966b86943a760c7,Alyssa,Winters,Frost,1992-06-11,6587439045
83,86,1c229f3e81b01d2cfbee,Jayme,Camacho,Blair,1993-07-08,2880085952
84,87,b16e38ea053ed805a8f2,Eleanor,Frazier,Valdez,1962-04-28,9537289218
85,88,c6db14a6143c332dd886,Cara,Hensley,Vaughn,1991-10-14,3472208261
86,89,da20b754346a403db036,Mara,Vance,Brady,1979-12-19,510709690
87,90,5b3ea5ba6c16d0831b9e,Ginger,Pickett,Workman,1976-01-27,9320079644
88,91,48f3a602089ee2cf0646,Melodie,Colon,Carter,1955-07-25,573369619
89,92,c81ddaa42be991379d00,Idola,Combs,Freeman,1950-06-23,1921097639
90,93,41124aec77f3519ee22d,Yvette,Pacheco,Gray,1970-02-08,4887395089
91,94,13740ebe4ba85b72c833,Patience,Foster,Wells,1974-06-24,1011181540
92,95,4ba79cb0d066cbf4fb7e,Indira,Snyder,David,1950-04-28,3003318480
93,96,b2c0660549fe56b76558,Melodie,Sargent,Montoya,1955-06-17,3734525020
94,97,4909657146fae30b26c9,Hope,Rosales,Anthony,1967-04-05,9162311025
95,98,a10b614a96670943677b,Raven,Atkins,Bowman,1978-09-02,7973430349
96,99,4485775405cac2e36c0f,Melissa,Houston,Stephens,1954-11-16,9124564621
97,100,1b63cab1d711fed7dc6f,Nyssa,Beach,Maddox,1971-03-29,2559089253
98,101,c4cbf814ee2b62bcc57e,Ebony,Perkins,Hodges,1963-08-18,5961199557
99,102,51b0c8d6b1027f5db67f,Indigo,Stevens,Holcomb,1999-07-04,3179053256
100,103,c932828cbabfa8292751,Rinah,Cherry,Gibson,1977-09-20,881590678
101,104,6c0a1810402e1c7dfd19,Alfreda,Walton,Gaines,1972-12-09,3673009687
102,105,3b8d4153604ce88c7ad1,Yeo,Pace,Patterson,1953-03-28,3340864820
103,106,d2e53221e512de67f9c2,Ora,Townsend,Chaney,1950-04-16,6401488715
104,107,24639741db1928f3d37c,Courtney,Santos,Reynolds,1953-02-12,36895364
105,108,6544c40866a91fe1f702,Jane,Gray,Cooley,1992-05-03,5771969369
106,109,e464fae91251b44e529d,Ayanna,Henson,Ingram,1984-04-12,879159262
107,110,928b50b764f44d096411,Teagan,Waters,Daniel,1992-07-29,4428759717
108,111,e9ce0354180bccc96b72,Cailin,Mooney,Tran,1969-10-30,2232814941
109,112,169f9f7b318cb180020d,Abra,Campos,Dean,1971-11-05,8208949849
110,113,320d7077da4e4d81269b,Sonia,Stark,Wallace,1970-10-23,6183676352
111,114,e9b9403bb0cef688a5f6,Nichole,Conley,Bradford,1964-03-20,9521251357
112,115,46c61e63f89ba8e3843f,Natalie,Dyer,Lott,1988-07-02,3537428818
113,116,a56e37f2340719d6e6bf,Lael,Schwartz,Moss,1994-04-24,2840781461
114,117,ddd7d2e1146e9ae0de0e,Jane,Douglas,Coffey,1991-06-24,1296486034
115,118,3652764166cce32b9d7b,Iris,Riddle,Newman,1970-06-18,9184028990
116,119,6edb59abb696ea7f6df0,Rowan,Medina,Meyers,1968-03-11,6698218100
117,120,e479db8b763a557a1282,Angelica,Rollins,Schwartz,1987-12-01,6346116005
118,121,5ad08cdea13b6e3d4cb4,Mikayla,Clarke,Kelley,1972-06-29,5089888837
119,122,fc558e4ce7e8978ebd66,Yolanda,Key,Horn,1967-12-25,5211277853
120,123,9b641ccddf87d813b627,Kirsten,Rush,Hogan,1972-09-05,5087379105
121,124,0da2016bf35fb2e03a69,Carla,Hines,Garrison,1992-06-20,9872942636
122,125,bacdc44a44f579f64c16,Noelle,Nash,Goff,1950-08-10,1746349672
123,126,a5d68a2b09bcfe0e8e3a,Jade,Huber,Hoover,1994-08-15,4182086960
124,127,642f989d718cdaec4040,Quail,Mclaughlin,Vance,1993-07-08,9205929341
125,128,95a39dcc42322e41739a,Olga,Rush,Baird,1952-06-02,5225716900
126,129,383d188e6bfb146751aa,Melanie,Campbell,Hamilton,1951-02-09,2934786052
127,130,f9b733fe973e0c424364,Tatyana,Garrison,Ashley,1959-09-30,1355045656
128,131,a19f229ac6763fe30594,Althea,Conway,Bryan,1995-09-12,6555346682
129,132,484410ff4ca494cd168d,Sonya,Mullins,Simon,1982-01-03,7121415133
130,133,68cc0a408b57f5c840bb,Bertha,Cannon,Reed,1966-07-18,3191492256
131,134,7b07bf561f49e32b9cbb,Lysandra,Delgado,Franklin,1961-07-23,1829246438
132,135,f12a0bc33f81248500e1,Madonna,Petty,Townsend,1957-10-03,2462651711
133,136,f3c00920699df62f0b0a,Hanna,Little,Jefferson,1962-03-13,1482101765
134,137,700c6af94be908e4995c,Anjolie,Nelson,Pickett,1958-10-06,7419212595
135,138,ae80c4e7e00f24327fb3,Erin,Schmidt,Morse,1999-04-22,829184360
136,139,07ba05b2830e2e97e636,Tamara,Mccarty,Sawyer,2000-05-22,8284076356
137,140,910319a166a890d44d1a,Sybill,Todd,Acosta,1999-01-02,7154050211
138,141,2f39ceef7e47711c306d,Ursa,Cox,Knowles,1993-03-13,8788680996
139,142,fe88a14ceb935c83001e,Cathleen,Robbins,Schmidt,1972-10-26,632184597
140,143,55db5e1965dbeebfebf5,Allegra,Shelton,Marshall,1970-11-29,4027339928
141,144,46dcc1cacea585ecbdcd,Aiko,Montoya,Harmon,1951-02-23,1256673164
142,145,14b6b4cf81b9fc4ff4db,Risa,Stein,Leach,1952-02-03,98318373
143,146,bfff67f46d60f4a2952d,Nevada,Randolph,Jensen,1960-07-23,5867923107
144,147,54d74692b95968f4b3f6,Briar,Stevens,Franks,1964-04-18,7844287553
145,148,0bedd58ae2f8e331b054,Vera,Wilkerson,Buck,1992-12-02,8371886764
146,149,276db053b5b21b521fb0,Leah,Chang,Harris,1960-01-30,6709673396
147,150,1695b7199beb480a4a47,Ebony,Guerra,Callahan,1967-07-03,1454260942
148,151,b09df76d146a048cfadd,Sylvia,Hodge,Hanson,1989-11-21,4201051517
149,152,d66b76aff11e49ae4867,Lilah,Hawkins,Waller,1954-12-10,810487857
150,153,84a912e366f36e7c6801,Naomi,Sellers,Turner,1950-08-22,9454865441
151,154,18f9439f451dd39cf26f,Tatyana,Nelson,Chaney,1980-04-09,2697641538
152,155,19ef760398ac90285eb9,George,Hale,Campbell,1953-11-18,4217794739
153,156,45836650fdda7d5aa3e3,Peter,Quinn,Oneill,1993-08-07,9146512021
154,157,3e242bc47700a465433c,Brady,Blankenship,Barton,1988-10-16,9826506735
155,158,1e12ceabc82fa3d7eccb,Reed,Mccarty,Sullivan,1983-08-12,7487182885
156,159,691c888478d77d1ddd3a,Jermaine,Alvarado,Fleming,1998-01-06,6809285007
157,160,5ff6a424ed2e9a2a2eb1,Dalton,Robbins,Mccoy,1999-03-01,7141353765
158,161,bbd2b5502050581dd675,Damian,Huber,Townsend,1973-03-26,4993284115
159,162,b9a20e3a1609d058519d,George,Coffey,Hyde,1991-11-23,7136294525
160,163,ef04328978c8a50cab60,Duncan,Mcintyre,Fleming,1996-11-11,1284258198
161,164,e78d1d2ac51125c05db5,Cody,Mullins,Robbins,1987-02-28,7965802394
162,165,9144682beb32240e886a,Sonya,Snyder,Gaines,1968-10-15,7011227820
163,166,aea2b6752b6af75ba103,Tucker,Dyer,Gomez,1949-07-19,7739280131
164,167,340412238e2afc9416ef,Philip,Murray,Barlow,1967-09-22,4040268835
165,168,d87bfcf742987df5fb64,Courtney,Stevenson,Richards,1996-12-21,855432031
166,169,f19ca4b9474df1656cac,Addison,Rice,Oneill,1960-01-22,5751270181
167,170,647b53201b41510d9e91,Dalton,Riddle,Frederick,1983-11-07,6609250424
168,171,9e583172ac85e6abac67,Brennan,Waters,Hill,1965-03-05,873782673
169,172,f2036b448496a0255821,Seth,Guthrie,Leach,1967-01-04,8816464833
170,173,de36d4c4c8ede9425bc5,Raya,Sykes,Carlson,1960-06-26,548251606
171,174,3c539fcd0fcba193ad8e,Lucy,Berry,Branch,1969-03-15,3196761017
172,175,b97b8cd1529b1dcab444,Ayanna,Trujillo,Mccoy,1969-09-05,8493959601
173,176,08835eda0c8d20bcae89,Cody,Brooks,Hoover,1992-01-07,1318276057
174,177,703de3d7733793ce8f03,Oliver,Murray,Farley,1969-09-22,4982954462
175,178,350757147c86c2bb664d,Reece,Petty,Richards,1963-11-06,1437181514
176,179,894f87b3f18e6af88f69,Jade,Huber,Frost,1953-06-23,696099631
177,180,7517b0c130422042356c,Sonia,Alvarado,Gray,1984-07-19,3920309367
178,181,a721c5b63ccd83561dda,Alfreda,Mcintyre,Robbins,1965-12-10,9176242455
179,182,9f1ffae1ab4d2a97eaf9,Murphy,Everett,Fletcher,1952-10-11,5743532094
180,183,97387d5c4a45027459d0,Ebony,Obrien,Manning,1962-04-11,528123843
181,184,9b85aff01bf78dae21e4,Andrew,Hines,Farley,1978-06-29,9590218665
182,185,7127817f0114410a8b55,Quyn,Munoz,Harrell,1981-12-22,9925570809
183,186,bac6eb41c12770d236b8,Yolanda,Campbell,Salinas,1998-10-29,9471811489
184,187,025c0bd46193a40b8457,Rudyard,Walton,Mcgee,1994-07-29,7969651250
185,86,72f4f1884bd5c6fd1b8a,Jane,Mclaughlin,Rios,1996-07-26,3256362436
186,188,6f877ce9667f48049c27,Natalie,Newton,Meyers,1969-05-07,223491144
187,189,6bc5ec8075dff7f79d3f,Ebony,Bowers,Patel,1961-06-01,409113243
188,190,680d6adeb7e07de5262a,Ginger,Head,Evans,1977-07-29,7790487555
189,191,810d824243e1146ec1d2,Kitra,Bishop,Richmond,1965-01-10,4102636017
190,192,61915837e65810dffaa2,Baxter,Petty,Mooney,1950-05-21,9777395233
191,193,fa1ffdaa1797d45a520c,Erin,Lane,Perez,1951-10-24,6005902994
192,194,eafa992e27ce97e9023a,Rowan,Petty,Montoya,1991-01-29,866871447
193,195,53a38b6394e4659f73eb,Ayanna,Mason,Wells,1998-02-20,5233735173
194,196,d074c4fff4e923859731,Cailin,Wood,Freeman,1958-07-01,5134556329
195,197,a58470ac82416e1915f7,Rahim,Key,Sellers,1967-12-05,991993264
196,198,b4963bdac53c43626f81,Alfreda,Garrison,Macias,1986-01-05,6356664236
197,199,8bf11d558b1d26e811d6,Tyler,Potts,Wong,1993-03-02,1529763884
198,200,761ac6d9eb7b056d4322,Hop,Murray,Cross,1966-02-11,4646753962
199,201,2d2d7c7e041a090d3fe2,Kaye,Garrison,Hoover,1952-07-04,5342947929
200,202,f96d771f1a4dad346025,Ursa,Stevens,Gibson,1983-03-29,7978541106
201,203,f33bdcc9ecd234fba137,Patience,Harper,Newman,1993-07-26,2290147566
202,204,fae193f5363090291229,Lucy,Schmidt,Benjamin,1966-09-15,4540509995
203,205,4a90e48e8fefae3362f1,Kuame,Riddle,Gray,1985-06-06,9741861020
204,206,b6442b983089adbe1d0d,Macaulay,Horn,Vinson,1961-05-19,5538426087
205,207,88b1fea4cf5a8700a237,Indira,Pace,Little,1963-09-24,6956370424
206,208,e38ca18057c60dbe89a6,Mason,Townsend,Frank,1958-09-21,5319653026
207,209,ef8f18278957f3c58ee8,Lucy,Austin,Vaughn,1962-07-10,6107828557
208,130,5640d5a3012f37f60407,Quyn,Kidd,Schultz,1953-05-27,7143635907
209,210,a389150b4c5bd1470f4d,Barclay,Brooks,Newman,1960-11-02,9155069282
210,211,fff7ce9c390371396ed5,Nichole,Schmidt,Frederick,1987-10-15,7354728473
211,212,5cc4f6966e21f47ce39f,Xavier,Dunn,Cooley,1987-04-19,8551362343
212,213,0ee8d1998aea71563811,Aquila,Hines,Raymond,1974-04-17,8686679293
213,214,da0b93fb3088acbb0960,George,Conway,Mendoza,1998-01-18,7031549102
214,215,c8f5a863f349b3519df1,Dalton,Rush,Rice,1976-08-06,3811209264
215,216,b5b59e6514490604cce0,Reed,Strickland,Pickett,1981-02-20,5864286201
216,217,7dd64f576fdd96ff4269,Oscar,Blankenship,Jefferson,1951-02-06,3175761750
217,218,4871d8e526918931c9fb,Jane,Wood,Duffy,1989-06-29,4006516373
218,219,95ff2d9f844009dd0fbf,Ebony,Pope,Riggs,1987-01-04,6348050942
219,220,b330026af0beec24ef34,Gavin,Campbell,Henderson,1996-08-18,3872788102
220,221,7fb9833591c2601bae68,Naomi,Cox,Holcomb,1949-05-14,6899679242
221,222,6da73170628fa7dd722a,Kaye,Mcleod,Jefferson,1985-08-08,1771530286
222,223,79b8d4c99875a080d375,Jane,Houston,Walter,1996-01-20,4535426210
223,224,a824e99a55f95f362d2a,Chaim,Rush,Stephens,1969-02-24,662554871
224,225,436f45e7f48c0b02cd31,Iris,Porter,Acosta,1981-11-01,4438650223
225,226,3f36de368e784f036ea7,Jayme,Kidd,Baird,2001-07-03,5328662528
226,227,0dbe7a1088f43e988173,Britanni,Sellers,Blair,1978-01-13,481730572
227,228,e666de30fba900cf06db,Patience,Schmidt,Newman,1974-02-06,5534589845
228,229,1183197b4598f20b3d6b,Dante,Vance,Gray,1967-11-15,8005739312
229,230,80ab8d2362700c84a7d4,Nevada,Kidd,Blair,1970-10-08,2867156155
230,231,50705ff70e88161a8f16,Gannon,Newton,Harris,2001-10-23,3397178637
231,232,f602f2886ff67cd26684,Fredericka,Frazier,Chase,1989-02-08,8013224343
232,233,b97f14ad5825bae5d8a4,Hop,Bowers,Hodge,1983-01-11,4878544829
233,234,d65bc56184ae3442c23a,Cody,Macdonald,Clark,1988-02-14,3292633577
234,235,973b5c5345c0cbbeb427,Ebony,Mcintyre,Steele,1987-02-11,8726227235
235,236,2ebf5dd418153e6e74a2,Indigo,Rosales,Reed,1980-01-25,9943557061
236,237,64cd9ba4def62628d533,Henry,Conley,David,1999-02-21,9331318485
237,238,f7afa47d08c0cae730fe,Abra,Sargent,Mcintosh,1985-09-16,9222373686
238,239,505a1e505d3029b8fbf5,George,Medina,Hogan,1983-06-23,9769340934
239,240,3cc318c7af6aad70d954,Christopher,Little,Goff,1980-07-11,3554319428
240,241,b8666a6850b050730389,Odysseus,Garrison,Patel,1994-07-08,1042357220
241,242,4bbc21cfc8a01940fe5c,Courtney,Sellers,Christensen,1963-10-21,3874659689
242,243,2550ab52716f7258d7bd,George,Coffey,Valdez,1985-11-14,4171032205
243,244,a59abd4baab85f153a02,Nelle,Malone,Patton,1958-11-16,4780987723
244,245,7108af18854855d1ee36,Colorado,Campbell,Waller,1969-02-03,621957863
245,246,d42e0f6ad39b7d8aa590,Anjolie,Maynard,Richards,1958-07-13,595783427
246,247,14d9f20ab21a2b89ce33,Barclay,Chang,Hodge,1988-03-23,7239662321
247,248,38e27192fb608999aef2,Ursa,Everett,Cooley,1961-11-15,8984124559
248,249,2219ad898e6cc443634a,Alyssa,Wood,Santos,1974-11-14,7534941130
249,250,ffbadad355575590305f,Sybill,Sullivan,Kelley,1976-05-05,6584000056
250,251,358774728e90adbed8ec,Gavin,Cox,Barlow,2001-04-17,9243132695
251,252,8af9d9d2089727fc562c,Erin,Meyers,Maddox,1995-03-09,9555452964
252,253,d8a0c9d4a7e722c990ca,Melissa,Houston,Branch,1973-12-09,2658683274
253,254,cd8d5500e04e6ecdfe97,Demetrius,Chang,Buckner,1987-09-01,773604802
254,255,de6101bdc4ba4343eed9,Jane,Clarke,Jensen,1984-10-22,7082195724
255,256,2df33c855f274a68faf7,Cullen,Rush,Mcgee,1969-10-19,7869610394
256,257,ed728070bc965fa835bd,Tyler,Pace,Schultz,1962-01-19,3795740456
257,258,92f72a60ad752a5b054a,Vaughan,Mooney,Carter,1992-01-27,6772665485
258,259,f10162cadb56142b19b7,Melodie,Blankenship,Ingram,2001-02-03,4797123438
259,260,7ff424c93950bca66f1d,Jerry,Mooney,Vega,1994-02-25,4234446125
260,261,912991364166e8a08119,Tate,Lynn,Perez,1975-07-24,1820685875
261,262,245a76928cc22a52c8a3,Naomi,Campos,Santos,1968-02-06,9980283161
262,263,134f29a9bc0c1d44089e,Gabriel,Cox,Bowman,1987-05-04,5278422139
263,264,3639293e7f5ec8093fef,Gavin,Guerra,Velazquez,1986-06-10,9319906038
264,265,059f68f691edd59a80d1,Evan,Rush,Frank,1969-02-09,7988029231
265,266,88cdbf9552fec94ae130,Oliver,Rollins,Mays,1966-05-16,9701839376
266,267,c3c413b2d7b2a16abe05,Jade,Durham,Pruitt,1988-01-13,7260707038
267,268,d022ad6b5462263a954a,Jane,Schwartz,Vega,1971-02-22,303096574
268,269,2ecedc22b0e3463d1efd,Cara,Wilson,Ford,1997-08-22,6432756097
269,270,937702ff1af02525b33a,Brady,Alvarado,Moss,1962-11-02,42854329
270,271,f5fad149998812f6ca3e,Tamara,Faulkner,Gray,1984-11-20,6938621495
271,272,84927e2f564ce480a039,Cailin,Dominguez,Richmond,1995-11-25,4213714798
272,273,a0ebe60c6713bf61597e,Cullen,Mcleod,Sawyer,1969-09-18,6981819106
273,274,b6695010020ea8bee7b1,Robin,Alvarado,Jensen,1977-01-22,9008986359
274,275,6b08866e947cbc0fe9cf,Aquila,Robbins,Wong,1951-01-16,3835137752
275,276,4dc9101a09e22c2053a3,Baxter,Boone,Winters,1989-12-23,3948546226
276,277,3959a18632328c93dc97,Althea,Rodriquez,Kelley,1983-06-10,5268304846
277,278,92a5e9a1275b1c573ae3,Brandon,Gomez,Jensen,1970-08-02,5064265923
278,279,4baf6308a96f10fa352a,Sylvia,Henson,Henderson,1993-01-17,668432954
279,280,093acc431195c9006e43,Leah,Robbins,Boyle,1958-03-17,71132343
280,281,ca4320df8a79bd21bbeb,Rhona,Dunn,Barlow,1977-03-23,9260426101
281,282,4f98e186dc6dc838adae,Baxter,Lindsey,Duffy,1959-06-09,1075417950
282,283,5654adfdfe1cb35540cc,Laith,Boyle,Harrell,1983-08-13,7764509013
283,284,9cbd339e66aee08af7bb,Plato,Cannon,Peterson,1975-01-11,7607459789
284,285,f56e2a1f0406ce2323aa,Quail,Tate,Frank,1995-03-11,2094480495
285,286,f37b621feaa18d72ec5a,Erin,Riddle,Craig,1998-04-21,7444973620
286,287,d69fcf824d5bc2d092b2,Lucy,Pittman,Dean,1988-07-10,179619996
287,288,cdb25b5d6a818f7b6108,Judah,Bolton,Newman,2001-10-06,8009140737
288,289,bded4af44e0afe8c2d5f,Seth,Rodriquez,Macias,1966-08-05,5929850531
289,290,679cbfa0980cc64547e7,Cody,Herman,Boyle,1975-04-06,6339756560
290,291,24fbc80aa3fb80639b3b,Keane,Head,Benjamin,1997-02-05,225622389
291,292,3a6543c0c53a288bca48,Madonna,Berger,Steele,1965-10-02,9207620650
292,293,dcffa1646ccc40bf4d99,Raven,Salinas,Rich,2000-08-14,8102474777
293,294,7ba9290d8b01cb0ce38f,Igor,Little,Anthony,1979-05-30,4425462517
294,295,8d26cbbd94b038972b59,Igor,Williams,Richards,1961-02-22,7266141518
295,296,3e4c99e06c9dcd85d6a0,Scott,Cantrell,Benton,1950-04-02,2543638684
296,297,c7d82351f97f5f977471,Cody,Green,Harris,1973-05-11,3384829734
297,298,db3de3c5e02582405eeb,Leigh,Faulkner,Oneill,1966-07-17,986172566
298,299,1580bdc2cace95f262ce,Reece,Porter,Robbins,1978-03-30,8211373542
299,300,b3b54b9460bd76f1e802,Brenden,Rollins,Shaw,1969-02-03,3558143217
300,301,dce6e09445be70a903d5,Odysseus,Pope,Gibson,1965-01-16,7859407792
301,302,6ac6577bbb1df202d4e7,Zenia,Mclaughlin,Vinson,1950-05-06,1310645536
302,303,bedf84bbd263f4b8dbbc,Tobias,Hensley,Carter,1995-06-11,5374793163
303,304,2f71ccd70aab0c80df77,Jayme,Mason,Kelley,1983-01-23,3826049038
304,305,0f8134ea88ac4d635bf7,Aiko,Vance,Maddox,1956-06-16,4770998399
305,306,8981d3f1790b32098352,Raya,Walton,Duffy,1975-11-05,8641817696
306,307,0ef82a9b028b64d7557d,Oliver,Chang,Mcgee,1994-03-25,4439142376
307,308,b56dc3d0f7c36c3970c1,Ayanna,Richmond,Hodge,1965-06-27,3035175203
308,309,1dfc6701b9c8af706493,Donovan,Gonzalez,Workman,1996-10-20,3637520548
309,310,85916feafbd85cb956bd,Althea,Todd,Acosta,1996-10-05,293461795
310,311,4871583b6c5321efc296,Gavin,Huber,Mays,1994-03-14,1825652862
311,312,9c24829a7f354ce0cee8,Yvette,Cannon,Mccullough,1959-01-15,1697076690
312,313,852509e284db247e9dce,Lilah,Wood,Baird,1985-04-09,6719306336
